s00000019305003,https://okonsen.net/guide/beppu_kurokawa_onsen_course_en
s00000019305003,https://okonsen.net/guide/beppu_kurokawa_onsen_course_en?lang=ko
s00000019305003,https://okonsen.net/guide/beppu_kurokawa_onsen_course_ko
s00000019305003,https://okonsen.net/guide/beppu_kurokawa_onsen_course_ko?lang=ko
s00000019305003,https://okonsen.net/guide/budget_onsen_hacks_en
s00000019305003,https://okonsen.net/guide/budget_onsen_hacks_en?lang=ko
s00000019305003,https://okonsen.net/guide/budget_onsen_hacks_ko
s00000019305003,https://okonsen.net/guide/budget_onsen_hacks_ko?lang=ko
s00000019305003,https://okonsen.net/guide/couple_romantic_ryokan_en
s00000019305003,https://okonsen.net/guide/couple_romantic_ryokan_en?lang=ko
s00000019305003,https://okonsen.net/guide/family_friendly_onsens_en
s00000019305003,https://okonsen.net/guide/family_friendly_onsens_en?lang=ko
s00000019305003,https://okonsen.net/guide/family_friendly_onsens_ko
s00000019305003,https://okonsen.net/guide/family_friendly_onsens_ko?lang=ko
s00000019305003,https://okonsen.net/guide/guide_expand_007_en
s00000019305003,https://okonsen.net/guide/guide_expand_007_en?lang=ko
s00000019305003,https://okonsen.net/guide/guide_expand_007_ko
s00000019305003,https://okonsen.net/guide/guide_expand_007_ko?lang=ko
s00000019305003,https://okonsen.net/guide/guide_expand_008_en
s00000019305003,https://okonsen.net/guide/guide_expand_008_en?lang=ko
s00000019305003,https://okonsen.net/guide/guide_expand_008_ko
s00000019305003,https://okonsen.net/guide/guide_expand_008_ko?lang=ko
s00000019305003,https://okonsen.net/guide/guide_expand_009_en
s00000019305003,https://okonsen.net/guide/guide_expand_009_en?lang=ko
s00000019305003,https://okonsen.net/guide/guide_expand_009_ko
s00000019305003,https://okonsen.net/guide/guide_expand_009_ko?lang=ko
s00000019305003,https://okonsen.net/guide/hakone_area_deep_dive_en
s00000019305003,https://okonsen.net/guide/hakone_area_deep_dive_en?lang=ko
s00000019305003,https://okonsen.net/guide/hakone_area_deep_dive_ko
s00000019305003,https://okonsen.net/guide/hakone_area_deep_dive_ko?lang=ko
s00000019305003,https://okonsen.net/guide/hakone_day_trip_guide_en
s00000019305003,https://okonsen.net/guide/hakone_day_trip_guide_en?lang=ko
s00000019305003,https://okonsen.net/guide/hakone_day_trip_guide_ko
s00000019305003,https://okonsen.net/guide/hakone_day_trip_guide_ko?lang=ko
s00000019305003,https://okonsen.net/guide/hakone_onsen_weekend_course_en
s00000019305003,https://okonsen.net/guide/hakone_onsen_weekend_course_en?lang=ko
s00000019305003,https://okonsen.net/guide/hakone_onsen_weekend_course_ko
s00000019305003,https://okonsen.net/guide/hakone_onsen_weekend_course_ko?lang=ko
s00000019305003,https://okonsen.net/guide/history_of_onsen_culture_en
s00000019305003,https://okonsen.net/guide/history_of_onsen_culture_en?lang=ko
s00000019305003,https://okonsen.net/guide/history_of_onsen_culture_ko
s00000019305003,https://okonsen.net/guide/history_of_onsen_culture_ko?lang=ko
s00000019305003,https://okonsen.net/guide/jozankei_sapporo_access_en
s00000019305003,https://okonsen.net/guide/jozankei_sapporo_access_en?lang=ko
s00000019305003,https://okonsen.net/guide/jozankei_sapporo_access_ko
s00000019305003,https://okonsen.net/guide/jozankei_sapporo_access_ko?lang=ko
s00000019305003,https://okonsen.net/guide/kinosaki_kusatsu_onsen_course_en
s00000019305003,https://okonsen.net/guide/kinosaki_kusatsu_onsen_course_en?lang=ko
s00000019305003,https://okonsen.net/guide/kinosaki_kusatsu_onsen_course_ko
s00000019305003,https://okonsen.net/guide/kinosaki_kusatsu_onsen_course_ko?lang=ko
s00000019305003,https://okonsen.net/guide/kurokawa_hidden_gems_en
s00000019305003,https://okonsen.net/guide/kurokawa_hidden_gems_en?lang=ko
s00000019305003,https://okonsen.net/guide/luxury_ryokan_stay_tips_en
s00000019305003,https://okonsen.net/guide/luxury_ryokan_stay_tips_en?lang=ko
s00000019305003,https://okonsen.net/guide/mixed_gender_bathing_konjoku_en
s00000019305003,https://okonsen.net/guide/mixed_gender_bathing_konjoku_en?lang=ko
s00000019305003,https://okonsen.net/guide/mixed_gender_bathing_konjoku_ko
s00000019305003,https://okonsen.net/guide/mixed_gender_bathing_konjoku_ko?lang=ko
s00000019305003,https://okonsen.net/guide/onsen_etiquette_basics_en
s00000019305003,https://okonsen.net/guide/onsen_etiquette_basics_en?lang=ko
s00000019305003,https://okonsen.net/guide/onsen_etiquette_basics_ko
s00000019305003,https://okonsen.net/guide/onsen_etiquette_basics_ko?lang=ko
s00000019305003,https://okonsen.net/guide/onsen_etiquette_guide_en
s00000019305003,https://okonsen.net/guide/onsen_etiquette_guide_en?lang=ko
s00000019305003,https://okonsen.net/guide/onsen_etiquette_guide_ko
s00000019305003,https://okonsen.net/guide/onsen_etiquette_guide_ko?lang=ko
s00000019305003,https://okonsen.net/guide/onsen_medical_benefits_en
s00000019305003,https://okonsen.net/guide/onsen_medical_benefits_en?lang=ko
s00000019305003,https://okonsen.net/guide/onsen_water_types_en
s00000019305003,https://okonsen.net/guide/onsen_water_types_en?lang=ko
s00000019305003,https://okonsen.net/guide/onsen_water_types_ko
s00000019305003,https://okonsen.net/guide/onsen_water_types_ko?lang=ko
s00000019305003,https://okonsen.net/guide/pregnant_onsen_safety_en
s00000019305003,https://okonsen.net/guide/pregnant_onsen_safety_en?lang=ko
s00000019305003,https://okonsen.net/guide/pregnant_onsen_safety_ko
s00000019305003,https://okonsen.net/guide/pregnant_onsen_safety_ko?lang=ko
s00000019305003,https://okonsen.net/guide/private_bath_kashikiri_en
s00000019305003,https://okonsen.net/guide/private_bath_kashikiri_en?lang=ko
s00000019305003,https://okonsen.net/guide/ryokan_kaiseki_dining_en
s00000019305003,https://okonsen.net/guide/ryokan_kaiseki_dining_en?lang=ko
s00000019305003,https://okonsen.net/guide/ryokan_kaiseki_dining_ko
s00000019305003,https://okonsen.net/guide/ryokan_kaiseki_dining_ko?lang=ko
s00000019305003,https://okonsen.net/guide/ryokan_kaiseki_experience_en
s00000019305003,https://okonsen.net/guide/ryokan_kaiseki_experience_en?lang=ko
s00000019305003,https://okonsen.net/guide/ryokan_kaiseki_experience_ko
s00000019305003,https://okonsen.net/guide/ryokan_kaiseki_experience_ko?lang=ko
s00000019305003,https://okonsen.net/guide/solo_travel_onsen_en
s00000019305003,https://okonsen.net/guide/solo_travel_onsen_en?lang=ko
s00000019305003,https://okonsen.net/guide/solo_travel_onsen_ko
s00000019305003,https://okonsen.net/guide/solo_travel_onsen_ko?lang=ko
s00000019305003,https://okonsen.net/guide/tattoo_friendly_master_list_en
s00000019305003,https://okonsen.net/guide/tattoo_friendly_master_list_en?lang=ko
s00000019305003,https://okonsen.net/guide/tattoo_friendly_master_list_ko
s00000019305003,https://okonsen.net/guide/tattoo_friendly_master_list_ko?lang=ko
s00000019305003,https://okonsen.net/guide/tattoo_friendly_onsen_list_en
s00000019305003,https://okonsen.net/guide/tattoo_friendly_onsen_list_en?lang=ko
s00000019305003,https://okonsen.net/guide/tattoo_friendly_onsen_list_ko
s00000019305003,https://okonsen.net/guide/tattoo_friendly_onsen_list_ko?lang=ko
s00000019305003,https://okonsen.net/onsen/amane_resort_seikai_en
s00000019305003,https://okonsen.net/onsen/amane_resort_seikai_en?lang=ko
s00000019305003,https://okonsen.net/onsen/arima_onsen_arima_grand_hotel_en
s00000019305003,https://okonsen.net/onsen/arima_onsen_arima_grand_hotel_en?lang=ko
s00000019305003,https://okonsen.net/onsen/arima_onsen_arima_grand_hotel_ko
s00000019305003,https://okonsen.net/onsen/arima_onsen_arima_grand_hotel_ko?lang=ko
s00000019305003,https://okonsen.net/onsen/arima_onsen_tosen_goshobo_en
s00000019305003,https://okonsen.net/onsen/arima_onsen_tosen_goshobo_en?lang=ko
s00000019305003,https://okonsen.net/onsen/arima_onsen_tosen_goshobo_ko
s00000019305003,https://okonsen.net/onsen/arima_onsen_tosen_goshobo_ko?lang=ko
s00000019305003,https://okonsen.net/onsen/beppu_daiiti_hotel_en
s00000019305003,https://okonsen.net/onsen/beppu_daiiti_hotel_en?lang=ko
s00000019305003,https://okonsen.net/onsen/beppu_showaen_en
s00000019305003,https://okonsen.net/onsen/beppu_showaen_en?lang=ko
s00000019305003,https://okonsen.net/onsen/ginzan_onsen_fujiya_en
s00000019305003,https://okonsen.net/onsen/ginzan_onsen_fujiya_en?lang=ko
s00000019305003,https://okonsen.net/onsen/ginzan_onsen_fujiya_ko
s00000019305003,https://okonsen.net/onsen/ginzan_onsen_fujiya_ko?lang=ko
s00000019305003,https://okonsen.net/onsen/ginzan_onsen_ginzanso_en
s00000019305003,https://okonsen.net/onsen/ginzan_onsen_ginzanso_en?lang=ko
s00000019305003,https://okonsen.net/onsen/ginzan_onsen_ginzanso_ko
s00000019305003,https://okonsen.net/onsen/ginzan_onsen_ginzanso_ko?lang=ko
s00000019305003,https://okonsen.net/onsen/ginzan_onsen_izu_no_hana_en
s00000019305003,https://okonsen.net/onsen/ginzan_onsen_izu_no_hana_en?lang=ko
s00000019305003,https://okonsen.net/onsen/ginzan_onsen_izu_no_hana_ko
s00000019305003,https://okonsen.net/onsen/ginzan_onsen_izu_no_hana_ko?lang=ko
s00000019305003,https://okonsen.net/onsen/ginzan_onsen_kosekiya_bekkan_en
s00000019305003,https://okonsen.net/onsen/ginzan_onsen_kosekiya_bekkan_en?lang=ko
s00000019305003,https://okonsen.net/onsen/ginzan_onsen_kosekiya_bekkan_ko
s00000019305003,https://okonsen.net/onsen/ginzan_onsen_kosekiya_bekkan_ko?lang=ko
s00000019305003,https://okonsen.net/onsen/ginzan_onsen_kozankaku_en
s00000019305003,https://okonsen.net/onsen/ginzan_onsen_kozankaku_en?lang=ko
s00000019305003,https://okonsen.net/onsen/ginzan_onsen_kozankaku_ko
s00000019305003,https://okonsen.net/onsen/ginzan_onsen_kozankaku_ko?lang=ko
s00000019305003,https://okonsen.net/onsen/ginzan_onsen_notoya_ryokan_en
s00000019305003,https://okonsen.net/onsen/ginzan_onsen_notoya_ryokan_en?lang=ko
s00000019305003,https://okonsen.net/onsen/ginzan_onsen_notoya_ryokan_ko
s00000019305003,https://okonsen.net/onsen/ginzan_onsen_notoya_ryokan_ko?lang=ko
s00000019305003,https://okonsen.net/onsen/ginzan_onsen_senninkan_en
s00000019305003,https://okonsen.net/onsen/ginzan_onsen_senninkan_en?lang=ko
s00000019305003,https://okonsen.net/onsen/ginzan_onsen_showakan_en
s00000019305003,https://okonsen.net/onsen/ginzan_onsen_showakan_en?lang=ko
s00000019305003,https://okonsen.net/onsen/ginzan_onsen_takimikan_en
s00000019305003,https://okonsen.net/onsen/ginzan_onsen_takimikan_en?lang=ko
s00000019305003,https://okonsen.net/onsen/ginzan_onsen_takimikan_ko
s00000019305003,https://okonsen.net/onsen/ginzan_onsen_takimikan_ko?lang=ko
s00000019305003,https://okonsen.net/onsen/ginzan_onsen_yanadaya_en
s00000019305003,https://okonsen.net/onsen/ginzan_onsen_yanadaya_en?lang=ko
s00000019305003,https://okonsen.net/onsen/ginzan_onsen_yanadaya_ko
s00000019305003,https://okonsen.net/onsen/ginzan_onsen_yanadaya_ko?lang=ko
s00000019305003,https://okonsen.net/onsen/hakone_gora_kadan_en
s00000019305003,https://okonsen.net/onsen/hakone_gora_kadan_en?lang=ko
s00000019305003,https://okonsen.net/onsen/hakone_gora_kadan_ko
s00000019305003,https://okonsen.net/onsen/hakone_gora_kadan_ko?lang=ko
s00000019305003,https://okonsen.net/onsen/hakone_pax_yoshino_en
s00000019305003,https://okonsen.net/onsen/hakone_pax_yoshino_en?lang=ko
s00000019305003,https://okonsen.net/onsen/hakone_pax_yoshino_ko
s00000019305003,https://okonsen.net/onsen/hakone_pax_yoshino_ko?lang=ko
s00000019305003,https://okonsen.net/onsen/hakone_suimeisou_ko
s00000019305003,https://okonsen.net/onsen/hakone_suimeisou_ko?lang=ko
s00000019305003,https://okonsen.net/onsen/hotel_indigo_hakone_gora_en
s00000019305003,https://okonsen.net/onsen/hotel_indigo_hakone_gora_en?lang=ko
s00000019305003,https://okonsen.net/onsen/jozankei_onsen_chalet_ivy_jozankei_en
s00000019305003,https://okonsen.net/onsen/jozankei_onsen_chalet_ivy_jozankei_en?lang=ko
s00000019305003,https://okonsen.net/onsen/jozankei_onsen_hatago_sakura_en
s00000019305003,https://okonsen.net/onsen/jozankei_onsen_hatago_sakura_en?lang=ko
s00000019305003,https://okonsen.net/onsen/jozankei_onsen_kasho_gyoen_en
s00000019305003,https://okonsen.net/onsen/jozankei_onsen_kasho_gyoen_en?lang=ko
s00000019305003,https://okonsen.net/onsen/jozankei_onsen_koyotei_en
s00000019305003,https://okonsen.net/onsen/jozankei_onsen_koyotei_en?lang=ko
s00000019305003,https://okonsen.net/onsen/jozankei_onsen_mori_no_uta_en
s00000019305003,https://okonsen.net/onsen/jozankei_onsen_mori_no_uta_en?lang=ko
s00000019305003,https://okonsen.net/onsen/jozankei_onsen_mori_no_uta_ko
s00000019305003,https://okonsen.net/onsen/jozankei_onsen_mori_no_uta_ko?lang=ko
s00000019305003,https://okonsen.net/onsen/kinosaki_onsen_mikuniya_en
s00000019305003,https://okonsen.net/onsen/kinosaki_onsen_mikuniya_en?lang=ko
s00000019305003,https://okonsen.net/onsen/kinosaki_onsen_shinmatsuya_en
s00000019305003,https://okonsen.net/onsen/kinosaki_onsen_shinmatsuya_en?lang=ko
s00000019305003,https://okonsen.net/onsen/kinosaki_onsen_shinmatsuya_ko
s00000019305003,https://okonsen.net/onsen/kinosaki_onsen_shinmatsuya_ko?lang=ko
s00000019305003,https://okonsen.net/onsen/kinosaki_onsen_tajimaya_en
s00000019305003,https://okonsen.net/onsen/kinosaki_onsen_tajimaya_en?lang=ko
s00000019305003,https://okonsen.net/onsen/kinosaki_onsen_tokiwa_en
s00000019305003,https://okonsen.net/onsen/kinosaki_onsen_tokiwa_en?lang=ko
s00000019305003,https://okonsen.net/onsen/kinosaki_onsen_tokiwa_ko
s00000019305003,https://okonsen.net/onsen/kinosaki_onsen_tokiwa_ko?lang=ko
s00000019305003,https://okonsen.net/onsen/kinosaki_onsen_tsubakino_ryokan_en
s00000019305003,https://okonsen.net/onsen/kinosaki_onsen_tsubakino_ryokan_en?lang=ko
s00000019305003,https://okonsen.net/onsen/kurokawa_onsen_fujiya_en
s00000019305003,https://okonsen.net/onsen/kurokawa_onsen_fujiya_en?lang=ko
s00000019305003,https://okonsen.net/onsen/kurokawa_onsen_gosho_gekkoju_en
s00000019305003,https://okonsen.net/onsen/kurokawa_onsen_gosho_gekkoju_en?lang=ko
s00000019305003,https://okonsen.net/onsen/kurokawa_onsen_hozantei_en
s00000019305003,https://okonsen.net/onsen/kurokawa_onsen_hozantei_en?lang=ko
s00000019305003,https://okonsen.net/onsen/kurokawa_onsen_ikoi_ryokan_en
s00000019305003,https://okonsen.net/onsen/kurokawa_onsen_ikoi_ryokan_en?lang=ko
s00000019305003,https://okonsen.net/onsen/kurokawa_onsen_ikoi_ryokan_ko
s00000019305003,https://okonsen.net/onsen/kurokawa_onsen_ikoi_ryokan_ko?lang=ko
s00000019305003,https://okonsen.net/onsen/kurokawa_onsen_nanjoen_en
s00000019305003,https://okonsen.net/onsen/kurokawa_onsen_nanjoen_en?lang=ko
s00000019305003,https://okonsen.net/onsen/kurokawa_onsen_noshiyu_en
s00000019305003,https://okonsen.net/onsen/kurokawa_onsen_noshiyu_en?lang=ko
s00000019305003,https://okonsen.net/onsen/kurokawa_onsen_noshiyu_ko
s00000019305003,https://okonsen.net/onsen/kurokawa_onsen_noshiyu_ko?lang=ko
s00000019305003,https://okonsen.net/onsen/kurokawa_onsen_oku_no_yu_en
s00000019305003,https://okonsen.net/onsen/kurokawa_onsen_oku_no_yu_en?lang=ko
s00000019305003,https://okonsen.net/onsen/kurokawa_onsen_oku_no_yu_ko
s00000019305003,https://okonsen.net/onsen/kurokawa_onsen_oku_no_yu_ko?lang=ko
s00000019305003,https://okonsen.net/onsen/kurokawa_onsen_okyakuya_en
s00000019305003,https://okonsen.net/onsen/kurokawa_onsen_okyakuya_en?lang=ko
s00000019305003,https://okonsen.net/onsen/kurokawa_onsen_okyakuya_ko
s00000019305003,https://okonsen.net/onsen/kurokawa_onsen_okyakuya_ko?lang=ko
s00000019305003,https://okonsen.net/onsen/kurokawa_onsen_ryokan_sanga_en
s00000019305003,https://okonsen.net/onsen/kurokawa_onsen_ryokan_sanga_en?lang=ko
s00000019305003,https://okonsen.net/onsen/kurokawa_onsen_ryokan_sanga_ko
s00000019305003,https://okonsen.net/onsen/kurokawa_onsen_ryokan_sanga_ko?lang=ko
s00000019305003,https://okonsen.net/onsen/kurokawa_onsen_yamamizuki_en
s00000019305003,https://okonsen.net/onsen/kurokawa_onsen_yamamizuki_en?lang=ko
s00000019305003,https://okonsen.net/onsen/kurokawa_onsen_yamamizuki_ko
s00000019305003,https://okonsen.net/onsen/kurokawa_onsen_yamamizuki_ko?lang=ko
s00000019305003,https://okonsen.net/onsen/kurokawa_onsen_yumerindo_en
s00000019305003,https://okonsen.net/onsen/kurokawa_onsen_yumerindo_en?lang=ko
s00000019305003,https://okonsen.net/onsen/kurokawa_onsen_yumerindo_ko
s00000019305003,https://okonsen.net/onsen/kurokawa_onsen_yumerindo_ko?lang=ko
s00000019305003,https://okonsen.net/onsen/kusatsu_onsen_daitokan_ko
s00000019305003,https://okonsen.net/onsen/kusatsu_onsen_daitokan_ko?lang=ko
s00000019305003,https://okonsen.net/onsen/kusatsu_onsen_hotel_sakurai_ko
s00000019305003,https://okonsen.net/onsen/kusatsu_onsen_hotel_sakurai_ko?lang=ko
s00000019305003,https://okonsen.net/onsen/kusatsu_onsen_hotel_village_en
s00000019305003,https://okonsen.net/onsen/kusatsu_onsen_hotel_village_en?lang=ko
s00000019305003,https://okonsen.net/onsen/kusatsu_onsen_konoha_ko
s00000019305003,https://okonsen.net/onsen/kusatsu_onsen_konoha_ko?lang=ko
s00000019305003,https://okonsen.net/onsen/kusatsu_onsen_ryokan_yoshinoya_en
s00000019305003,https://okonsen.net/onsen/kusatsu_onsen_ryokan_yoshinoya_en?lang=ko
s00000019305003,https://okonsen.net/onsen/kusatsu_onsen_tokinoniwa_en
s00000019305003,https://okonsen.net/onsen/kusatsu_onsen_tokinoniwa_en?lang=ko
s00000019305003,https://okonsen.net/onsen/matsuzakaya_honten_en
s00000019305003,https://okonsen.net/onsen/matsuzakaya_honten_en?lang=ko
s00000019305003,https://okonsen.net/onsen/matsuzakaya_honten_ko
s00000019305003,https://okonsen.net/onsen/matsuzakaya_honten_ko?lang=ko
s00000019305003,https://okonsen.net/onsen/nyuto_onsen_ganiba_en
s00000019305003,https://okonsen.net/onsen/nyuto_onsen_ganiba_en?lang=ko
s00000019305003,https://okonsen.net/onsen/nyuto_onsen_kuroyu_en
s00000019305003,https://okonsen.net/onsen/nyuto_onsen_kuroyu_en?lang=ko
s00000019305003,https://okonsen.net/onsen/nyuto_onsen_magoroku_en
s00000019305003,https://okonsen.net/onsen/nyuto_onsen_magoroku_en?lang=ko
s00000019305003,https://okonsen.net/onsen/nyuto_onsen_tae-no-yu_en
s00000019305003,https://okonsen.net/onsen/nyuto_onsen_tae-no-yu_en?lang=ko
s00000019305003,https://okonsen.net/onsen/nyuto_onsen_tae-no-yu_ko
s00000019305003,https://okonsen.net/onsen/nyuto_onsen_tae-no-yu_ko?lang=ko
s00000019305003,https://okonsen.net/onsen/nyuto_onsen_tsurunoyu_en
s00000019305003,https://okonsen.net/onsen/nyuto_onsen_tsurunoyu_en?lang=ko
s00000019305003,https://okonsen.net/onsen/nyuto_onsen_tsurunoyu_ko
s00000019305003,https://okonsen.net/onsen/nyuto_onsen_tsurunoyu_ko?lang=ko
s00000019305003,https://okonsen.net/onsen/takaragawa_onsen_ousenkaku_en
s00000019305003,https://okonsen.net/onsen/takaragawa_onsen_ousenkaku_en?lang=ko
s00000019305003,https://okonsen.net/onsen/takaragawa_onsen_ousenkaku_ko
s00000019305003,https://okonsen.net/onsen/takaragawa_onsen_ousenkaku_ko?lang=ko
s00000019305003,https://okonsen.net/onsen/the_prince_hakone_lake_ashinoko_en
s00000019305003,https://okonsen.net/onsen/the_prince_hakone_lake_ashinoko_en?lang=ko
s00000019305003,https://okonsen.net/onsen/yubatake_souan_en
s00000019305003,https://okonsen.net/onsen/yubatake_souan_en?lang=ko
s00000019305003,https://okonsen.net/onsen/yufuin_baien_ko
s00000019305003,https://okonsen.net/onsen/yufuin_baien_ko?lang=ko
s00000019305003,https://okonsen.net/onsen/yufuin_bettei_itsuki_en
s00000019305003,https://okonsen.net/onsen/yufuin_bettei_itsuki_en?lang=ko
s00000019305003,https://okonsen.net/onsen/yufuin_bettei_itsuki_ko
s00000019305003,https://okonsen.net/onsen/yufuin_bettei_itsuki_ko?lang=ko
s00000019305003,https://okonsen.net/onsen/yufuin_hotel_shumeikan_en
s00000019305003,https://okonsen.net/onsen/yufuin_hotel_shumeikan_en?lang=ko
s00000019305003,https://okonsen.net/onsen/yufuin_onsen_yufuin-so_en
s00000019305003,https://okonsen.net/onsen/yufuin_onsen_yufuin-so_en?lang=ko
s00000019305003,https://okonsen.net/onsen/yufuin_onsen_yufuin-so_ko
s00000019305003,https://okonsen.net/onsen/yufuin_onsen_yufuin-so_ko?lang=ko
s00000019305003,https://okonsen.net/onsen/yufuin_ryokan_seikoen_en
s00000019305003,https://okonsen.net/onsen/yufuin_ryokan_seikoen_en?lang=ko
s00000019305003,https://okonsen.net/onsen/yufuin_ryokan_seikoen_ko
s00000019305003,https://okonsen.net/onsen/yufuin_ryokan_seikoen_ko?lang=ko
s00000019305003,https://okonsen.net/onsen/yufuin_sansou_waremokou_ko
s00000019305003,https://okonsen.net/onsen/yufuin_sansou_waremokou_ko?lang=ko
